{
  "final_metrics": {
    "test_accuracy": 0.9821348786354065,
    "test_loss": 0.17792698740959167,
    "test_top2_accuracy": 0.9968736171722412
  },
  "phase1": {
    "epochs": 30,
    "final_train_acc": 0.9440130591392517,
    "final_val_acc": 0.977171003818512,
    "best_val_acc": 0.9798567295074463
  },
  "phase2": {
    "epochs": 20,
    "final_train_acc": 0.95820152759552,
    "final_val_acc": 0.9811996221542358,
    "best_val_acc": 0.9820948839187622
  },
  "config": {
    "batch_size": 32,
    "epochs_phase1": 30,
    "epochs_phase2": 20,
    "learning_rate_phase1": 0.001,
    "learning_rate_phase2": 1e-05,
    "dropout_rate": 0.5,
    "l2_reg": 0.001
  },
  "classes": [
    "Potato___Early_blight",
    "Potato___Late_blight",
    "Tomato___Early_blight",
    "Tomato___Late_blight",
    "Tomato___Leaf_Mold",
    "Tomato___healthy"
  ]
}